VAR_TYPE	MIN_QUAL	TRUTH_TP	QUERY_TP	TRUTH_FN	QUERY_FP	PREC		RECALL		F1_SCORE	F1_QSCORE
SNP	0	4634292	4634292	40911	36792	0.992105	0.991222	0.991664	20.790171
SNP	56	4629901	4629901	45302	29580	0.993634	0.990282	0.991955	20.944891
INDEL	0	740470	740457	6214	3126	0.995264	0.991078	0.993167	21.653648
INDEL	32	740393	740380	6291	3043	0.995377	0.990975	0.993171	21.656376
