VAR_TYPE	MIN_QUAL	TRUTH_TP	QUERY_TP	TRUTH_FN	QUERY_FP	PREC		RECALL		F1_SCORE	F1_QSCORE
SNP	0	4514760	4514758	32255	35458	0.992188	0.992873	0.992530	21.266926
SNP	56	4511137	4511135	35878	28490	0.993706	0.992075	0.992890	21.481232
INDEL	0	663711	663701	5110	3658	0.993758	0.991510	0.992633	21.326944
INDEL	32	663653	663643	5168	3570	0.993891	0.991418	0.992653	21.338766
